BEGIN TRANSACTION;
CREATE TABLE IF NOT EXISTS "armatrix" (
	"cikkszam" TEXT PRIMARY KEY,
	"lista_ar"	INTEGER NOT NULL,
	"akcios_ar"	INTEGER
);
CREATE TABLE IF NOT EXISTS "butor" (
	"cikkszam"	TEXT NOT NULL,
	"nev"	TEXT NOT NULL,
	"suly"	REAL NOT NULL,
	"x"	INTEGER NOT NULL,
	"y"	INTEGER NOT NULL,
	"z"	INTEGER NOT NULL,
	PRIMARY KEY("cikkszam")
);
CREATE TABLE IF NOT EXISTS "leltar" (
	"cikkszam"	TEXT NOT NULL,
	"raktarID"	INTEGER NOT NULL,
	"idopont"	TEXT NOT NULL,
	"felelos"	TEXT NOT NULL,
	"mennyiseg"	INTEGER NOT NULL,
	"valos_mennyiseg"	INTEGER,
	PRIMARY KEY("cikkszam"),
	FOREIGN KEY("cikkszam") REFERENCES "butor"("cikkszam"),
	FOREIGN KEY("raktarID") REFERENCES "raktar"("id")
);
CREATE TABLE IF NOT EXISTS "raklap" (
	"szam"	INTEGER NOT NULL,
	"mennyiseg"	INTEGER NOT NULL,
	"tipusID"	INTEGER NOT NULL,
	PRIMARY KEY("szam"),
	FOREIGN KEY("tipusID") REFERENCES "tipus"("id")
);
CREATE TABLE IF NOT EXISTS "rakt_biz_fej" (
	"bizszam"	INTEGER NOT NULL,
	"datum"	TEXT NOT NULL,
	"felelos"	TEXT NOT NULL,
	"raktarID"	INTEGER NOT NULL,
	PRIMARY KEY("bizszam" AUTOINCREMENT),
	FOREIGN KEY("raktarID") REFERENCES "raktar"("id")
);
CREATE TABLE IF NOT EXISTS "rakt_biz_tetel" (
	"bizszam"	INTEGER NOT NULL,
	"tetelid"	INTEGER NOT NULL,
	"cikkszam"	TEXT NOT NULL,
	"mennyiseg"	INTEGER NOT NULL,
	"ar"	INTEGER NOT NULL,
	PRIMARY KEY("bizszam","tetelid"),
	FOREIGN KEY("bizszam") REFERENCES "rakt_biz_fej"("bizszam"),
	FOREIGN KEY("cikkszam") REFERENCES "butor"("cikkszam")
);
CREATE TABLE IF NOT EXISTS "raktar" (
	"id"	INTEGER NOT NULL,
	"nev"	TEXT NOT NULL,
	"pozicio"	TEXT NOT NULL,
	PRIMARY KEY("id" AUTOINCREMENT)
);
CREATE TABLE IF NOT EXISTS "raktarak_raktari_poziciok" (
	"raktar_poz_ID"	INTEGER NOT NULL,
	"raktar_ID"	INTEGER NOT NULL,
	FOREIGN KEY("raktar_ID") REFERENCES "raktar"("id"),
	FOREIGN KEY("raktar_poz_ID") REFERENCES "raktari_pozicio"("id")
);
CREATE TABLE IF NOT EXISTS "raktari_pozicio" (
	"id"	INTEGER NOT NULL,
	"sor"	INTEGER NOT NULL,
	"oszlop"	INTEGER NOT NULL,
	"polc"	INTEGER NOT NULL,
	PRIMARY KEY("id" AUTOINCREMENT)
);
CREATE TABLE IF NOT EXISTS "raktarkeszlet" (
	"raktarID"	INTEGER NOT NULL,
	"cikkszam"	TEXT NOT NULL,
	"mennyiseg"	INTEGER NOT NULL,
	FOREIGN KEY("cikkszam") REFERENCES "butor"("cikkszam"),
	FOREIGN KEY("raktarID") REFERENCES "raktar"("id")
);
CREATE TABLE IF NOT EXISTS "tipus" (
	"id"	INTEGER NOT NULL,
	"nev"	TEXT NOT NULL,
	"netto_suly"	REAL NOT NULL,
	"brutto_suly"	REAL NOT NULL,
	"x"	INTEGER NOT NULL,
	"y"	INTEGER NOT NULL,
	PRIMARY KEY("id" AUTOINCREMENT)
);
INSERT INTO armatrix (cikkszam, lista_ar, akcios_ar) VALUES
('B001',10250,9250),
('B002',10500,9500),
('B003',10750,9250),
('B004',11000,10000),
('B005',11250,NULL),
('B006',11500,10000),
('B007',11750,10750),
('B008',12000,11000),
('B009',12250,10750),
('B010',12500,NULL),
('B011',12750,11750),
('B012',13000,11500),
('B013',13250,12250),
('B014',13500,12500),
('B015',13750,NULL),
('B016',14000,13000),
('B017',14250,13250),
('B018',14500,13000),
('B019',14750,13750),
('B020',15000,NULL),
('B021',15250,13750),
('B022',15500,14500),
('B023',15750,14750),
('B024',16000,14500),
('B025',16250,NULL),
('B026',16500,15500),
('B027',16750,15250),
('B028',17000,16000),
('B029',17250,16250),
('B030',17500,16000),
('B031',17750,16750),
('B032',18000,17000),
('B033',18250,16750),
('B034',18500,17500),
('B035',18750,NULL),
('B036',19000,17500),
('B037',19250,18250),
('B038',19500,18500),
('B039',19750,18250),
('B040',20000,19000),
('B041',20250,19250),
('B042',20500,19500),
('B043',20750,19750),
('B044',21000,19500),
('B045',21250,NULL),
('B046',21500,20500),
('B047',21750,20750),
('B048',22000,20500),
('B049',22250,21250),
('B050',22500,NULL),
('B051',22750,21750),
('B052',23000,22000),
('B053',23250,22250),
('B054',23500,22000),
('B055',23750,NULL),
('B056',24000,23000),
('B057',24250,23250),
('B058',24500,23500),
('B059',24750,23250),
('B060',25000,23500),
('B061',25250,24250),
('B062',25500,24500),
('B063',25750,24250),
('B064',26000,25000),
('B065',26250,NULL),
('B066',26500,25000),
('B067',26750,25750),
('B068',27000,26000),
('B069',27250,25750),
('B070',27500,26500),
('B071',27750,26750),
('B072',28000,26500),
('B073',28250,27250),
('B074',28500,27000),
('B075',28750,NULL),
('B076',29000,27500),
('B077',29250,28250),
('B078',29500,28000),
('B079',29750,28250),
('B080',30000,28500),
('B081',30250,29250),
('B082',30500,29500),
('B083',30750,29250),
('B084',31000,29500),
('B085',31250,NULL),
('B086',31500,30500),
('B087',31750,30750),
('B088',32000,30500),
('B089',32250,31250),
('B090',32500,31000),
('B091',32750,31750),
('B092',33000,32000),
('B093',33250,31750),
('B094',33500,32000),
('B095',33750,NULL),
('B096',34000,32500),
('B097',34250,33250),
('B098',34500,33500),
('B099',34750,33250),
('B100',35000,NULL);
INSERT INTO "butor" ("cikkszam","nev","suly","x","y","z") VALUES ('B001','Bútor 1',12.0,80,40,60),
 ('B002','Bútor 2',25.0,120,60,80),
 ('B003','Bútor 3',18.0,90,45,70),
 ('B004','Bútor 4',33.0,150,70,90),
 ('B005','Bútor 5',22.0,110,50,75),
 ('B006','Bútor 6',44.0,160,80,100),
 ('B007','Bútor 7',15.0,70,40,60),
 ('B008','Bútor 8',55.0,180,90,110),
 ('B009','Bútor 9',28.0,130,65,85),
 ('B010','Bútor 10',19.0,85,45,65),
 ('B011','Bútor 11',40.0,140,70,90),
 ('B012','Bútor 12',17.0,75,38,55),
 ('B013','Bútor 13',60.0,200,100,120),
 ('B014','Bútor 14',23.0,105,50,70),
 ('B015','Bútor 15',35.0,150,80,95),
 ('B016','Bútor 16',27.0,120,60,88),
 ('B017','Bútor 17',14.0,70,40,50),
 ('B018','Bútor 18',49.0,170,85,105),
 ('B019','Bútor 19',31.0,130,70,80),
 ('B020','Bútor 20',21.0,100,55,75),
 ('B021','Bútor 21',57.0,190,95,115),
 ('B022','Bútor 22',24.0,110,60,70),
 ('B023','Bútor 23',38.0,145,75,95),
 ('B024','Bútor 24',16.0,80,40,52),
 ('B025','Bútor 25',65.0,210,110,130),
 ('B026','Bútor 26',26.0,115,58,72),
 ('B027','Bútor 27',34.0,140,70,88),
 ('B028','Bútor 28',20.0,95,50,66),
 ('B029','Bútor 29',46.0,160,80,100),
 ('B030','Bútor 30',29.0,125,65,85),
 ('B031','Bútor 31',18.0,90,45,62),
 ('B032','Bútor 32',50.0,175,90,110),
 ('B033','Bútor 33',22.0,120,55,70),
 ('B034','Bútor 34',41.0,150,78,92),
 ('B035','Bútor 35',19.0,88,46,60),
 ('B036','Bútor 36',54.0,185,92,112),
 ('B037','Bútor 37',33.0,130,68,86),
 ('B038','Bútor 38',17.0,80,42,58),
 ('B039','Bútor 39',48.0,170,82,104),
 ('B040','Bútor 40',23.0,110,60,75),
 ('B041','Bútor 41',63.0,200,105,128),
 ('B042','Bútor 42',28.0,120,60,84),
 ('B043','Bútor 43',36.0,145,72,90),
 ('B044','Bútor 44',15.0,75,38,55),
 ('B045','Bútor 45',52.0,180,88,108),
 ('B046','Bútor 46',31.0,130,66,82),
 ('B047','Bútor 47',21.0,100,52,74),
 ('B048','Bútor 48',44.0,160,80,96),
 ('B049','Bútor 49',19.0,90,45,62),
 ('B050','Bútor 50',59.0,195,98,118),
 ('B051','Bútor 51',30.0,125,60,80),
 ('B052','Bútor 52',38.0,150,78,92),
 ('B053','Bútor 53',16.0,82,40,58),
 ('B054','Bútor 54',55.0,185,92,110),
 ('B055','Bútor 55',26.0,110,55,76),
 ('B056','Bútor 56',42.0,155,75,94),
 ('B057','Bútor 57',20.0,95,48,68),
 ('B058','Bútor 58',48.0,170,82,104),
 ('B059','Bútor 59',33.0,135,68,88),
 ('B060','Bútor 60',14.0,75,40,52),
 ('B061','Bútor 61',61.0,205,100,125),
 ('B062','Bútor 62',28.0,115,58,76),
 ('B063','Bútor 63',36.0,145,72,90),
 ('B064','Bútor 64',18.0,88,44,60),
 ('B065','Bútor 65',53.0,180,90,112),
 ('B066','Bútor 66',31.0,130,64,84),
 ('B067','Bútor 67',22.0,105,52,70),
 ('B068','Bútor 68',47.0,165,80,100),
 ('B069','Bútor 69',19.0,92,46,62),
 ('B070','Bútor 70',58.0,190,96,116),
 ('B071','Bútor 71',24.0,110,55,75),
 ('B072','Bútor 72',40.0,150,75,95),
 ('B073','Bútor 73',17.0,78,39,55),
 ('B074','Bútor 74',52.0,175,88,108),
 ('B075','Bútor 75',27.0,118,56,78),
 ('B076','Bútor 76',35.0,140,70,88),
 ('B077','Bútor 77',15.0,80,40,55),
 ('B078','Bútor 78',49.0,170,84,104),
 ('B079','Bútor 79',32.0,125,64,85),
 ('B080','Bútor 80',21.0,98,50,70),
 ('B081','Bútor 81',60.0,200,100,120),
 ('B082','Bútor 82',29.0,122,60,82),
 ('B083','Bútor 83',37.0,148,74,94),
 ('B084','Bútor 84',18.0,90,44,62),
 ('B085','Bútor 85',54.0,185,90,112),
 ('B086','Bútor 86',25.0,115,56,78),
 ('B087','Bútor 87',43.0,155,76,92),
 ('B088','Bútor 88',20.0,95,48,66),
 ('B089','Bútor 89',46.0,168,82,100),
 ('B090','Bútor 90',33.0,130,68,86),
 ('B091','Bútor 91',16.0,82,40,58),
 ('B092','Bútor 92',50.0,175,88,108),
 ('B093','Bútor 93',27.0,118,56,78),
 ('B094','Bútor 94',39.0,150,72,92),
 ('B095','Bútor 95',22.0,105,52,70),
 ('B096','Bútor 96',45.0,165,80,100),
 ('B097','Bútor 97',19.0,90,45,65),
 ('B098','Bútor 98',57.0,190,96,116),
 ('B099','Bútor 99',30.0,120,60,80),
 ('B100','Bútor 100',41.0,150,75,95);
INSERT INTO "leltar" ("cikkszam","raktarID","idopont","felelos","mennyiseg","valos_mennyiseg") VALUES ('B001',1,'2025-01-15 09:00:00','Kiss Péter',13,11),
 ('B002',2,'2025-01-15 10:00:00','Nagy Anna',16,15),
 ('B003',3,'2025-01-15 11:00:00','Szabó László',19,19),
 ('B004',4,'2025-01-15 12:00:00','Tóth Eszter',22,23),
 ('B005',5,'2025-01-16 08:00:00','Horváth Gábor',25,27),
 ('B006',6,'2025-01-16 09:00:00','Kiss Péter',28,26),
 ('B007',7,'2025-01-16 10:00:00','Nagy Anna',31,30),
 ('B008',8,'2025-01-16 11:00:00','Szabó László',34,34),
 ('B009',9,'2025-01-16 12:00:00','Tóth Eszter',37,38),
 ('B010',10,'2025-01-17 08:00:00','Horváth Gábor',40,42),
 ('B011',11,'2025-01-17 09:00:00','Kiss Péter',43,41),
 ('B012',12,'2025-01-17 10:00:00','Nagy Anna',46,45),
 ('B013',13,'2025-01-17 11:00:00','Szabó László',49,49),
 ('B014',14,'2025-01-17 12:00:00','Tóth Eszter',52,53),
 ('B015',15,'2025-01-18 08:00:00','Horváth Gábor',55,57),
 ('B016',16,'2025-01-18 09:00:00','Kiss Péter',58,56),
 ('B017',17,'2025-01-18 10:00:00','Nagy Anna',61,60),
 ('B018',18,'2025-01-18 11:00:00','Szabó László',64,64),
 ('B019',19,'2025-01-18 12:00:00','Tóth Eszter',67,68),
 ('B020',20,'2025-01-19 08:00:00','Horváth Gábor',70,72),
 ('B021',21,'2025-01-19 09:00:00','Kiss Péter',73,71),
 ('B022',22,'2025-01-19 10:00:00','Nagy Anna',76,75),
 ('B023',23,'2025-01-19 11:00:00','Szabó László',79,79),
 ('B024',24,'2025-01-19 12:00:00','Tóth Eszter',82,83),
 ('B025',25,'2025-01-20 08:00:00','Horváth Gábor',85,87),
 ('B026',26,'2025-01-20 09:00:00','Kiss Péter',88,86),
 ('B027',27,'2025-01-20 10:00:00','Nagy Anna',91,90),
 ('B028',28,'2025-01-20 11:00:00','Szabó László',94,94),
 ('B029',29,'2025-01-20 12:00:00','Tóth Eszter',97,99),
 ('B030',30,'2025-01-21 08:00:00','Horváth Gábor',10,12),
 ('B031',31,'2025-01-21 09:00:00','Kiss Péter',13,11),
 ('B032',32,'2025-01-21 10:00:00','Nagy Anna',16,15),
 ('B033',33,'2025-01-21 11:00:00','Szabó László',19,19),
 ('B034',34,'2025-01-21 12:00:00','Tóth Eszter',22,23),
 ('B035',35,'2025-01-22 08:00:00','Horváth Gábor',25,27),
 ('B036',36,'2025-01-22 09:00:00','Kiss Péter',28,26),
 ('B037',37,'2025-01-22 10:00:00','Nagy Anna',31,30),
 ('B038',38,'2025-01-22 11:00:00','Szabó László',34,34),
 ('B039',39,'2025-01-22 12:00:00','Tóth Eszter',37,38),
 ('B040',40,'2025-01-23 08:00:00','Horváth Gábor',40,42),
 ('B041',41,'2025-01-23 09:00:00','Kiss Péter',43,41),
 ('B042',42,'2025-01-23 10:00:00','Nagy Anna',46,45),
 ('B043',43,'2025-01-23 11:00:00','Szabó László',49,49),
 ('B044',44,'2025-01-23 12:00:00','Tóth Eszter',52,53),
 ('B045',45,'2025-01-24 08:00:00','Horváth Gábor',55,57),
 ('B046',46,'2025-01-24 09:00:00','Kiss Péter',58,56),
 ('B047',47,'2025-01-24 10:00:00','Nagy Anna',61,60),
 ('B048',48,'2025-01-24 11:00:00','Szabó László',64,64),
 ('B049',49,'2025-01-24 12:00:00','Tóth Eszter',67,68),
 ('B050',50,'2025-01-25 08:00:00','Horváth Gábor',70,72),
 ('B051',51,'2025-01-25 09:00:00','Kiss Péter',73,71),
 ('B052',52,'2025-01-25 10:00:00','Nagy Anna',76,75),
 ('B053',53,'2025-01-25 11:00:00','Szabó László',79,79),
 ('B054',54,'2025-01-25 12:00:00','Tóth Eszter',82,83),
 ('B055',55,'2025-01-26 08:00:00','Horváth Gábor',85,87),
 ('B056',56,'2025-01-26 09:00:00','Kiss Péter',88,86),
 ('B057',57,'2025-01-26 10:00:00','Nagy Anna',91,90),
 ('B058',58,'2025-01-26 11:00:00','Szabó László',94,94),
 ('B059',59,'2025-01-26 12:00:00','Tóth Eszter',97,99),
 ('B060',60,'2025-01-27 08:00:00','Horváth Gábor',10,12),
 ('B061',61,'2025-01-27 09:00:00','Kiss Péter',13,11),
 ('B062',62,'2025-01-27 10:00:00','Nagy Anna',16,15),
 ('B063',63,'2025-01-27 11:00:00','Szabó László',19,19),
 ('B064',64,'2025-01-27 12:00:00','Tóth Eszter',22,23),
 ('B065',65,'2025-01-28 08:00:00','Horváth Gábor',25,27),
 ('B066',66,'2025-01-28 09:00:00','Kiss Péter',28,26),
 ('B067',67,'2025-01-28 10:00:00','Nagy Anna',31,30),
 ('B068',68,'2025-01-28 11:00:00','Szabó László',34,34),
 ('B069',69,'2025-01-28 12:00:00','Tóth Eszter',37,38),
 ('B070',70,'2025-01-29 08:00:00','Horváth Gábor',40,42),
 ('B071',71,'2025-01-29 09:00:00','Kiss Péter',43,41),
 ('B072',72,'2025-01-29 10:00:00','Nagy Anna',46,45),
 ('B073',73,'2025-01-29 11:00:00','Szabó László',49,49),
 ('B074',74,'2025-01-29 12:00:00','Tóth Eszter',52,53),
 ('B075',75,'2025-01-30 08:00:00','Horváth Gábor',55,57),
 ('B076',76,'2025-01-30 09:00:00','Kiss Péter',58,56),
 ('B077',77,'2025-01-30 10:00:00','Nagy Anna',61,60),
 ('B078',78,'2025-01-30 11:00:00','Szabó László',64,64),
 ('B079',79,'2025-01-30 12:00:00','Tóth Eszter',67,68),
 ('B080',80,'2025-01-31 08:00:00','Horváth Gábor',70,72),
 ('B081',81,'2025-01-31 09:00:00','Kiss Péter',73,71),
 ('B082',82,'2025-01-31 10:00:00','Nagy Anna',76,75),
 ('B083',83,'2025-01-31 11:00:00','Szabó László',79,79),
 ('B084',84,'2025-01-31 12:00:00','Tóth Eszter',82,83),
 ('B085',85,'2025-02-01 08:00:00','Horváth Gábor',85,87),
 ('B086',86,'2025-02-01 09:00:00','Kiss Péter',88,86),
 ('B087',87,'2025-02-01 10:00:00','Nagy Anna',91,90),
 ('B088',88,'2025-02-01 11:00:00','Szabó László',94,94),
 ('B089',89,'2025-02-01 12:00:00','Tóth Eszter',97,99),
 ('B090',90,'2025-02-02 08:00:00','Horváth Gábor',10,12),
 ('B091',91,'2025-02-02 09:00:00','Kiss Péter',13,11),
 ('B092',92,'2025-02-02 10:00:00','Nagy Anna',16,15),
 ('B093',93,'2025-02-02 11:00:00','Szabó László',19,19),
 ('B094',94,'2025-02-02 12:00:00','Tóth Eszter',22,23),
 ('B095',95,'2025-02-03 08:00:00','Horváth Gábor',25,27),
 ('B096',96,'2025-02-03 09:00:00','Kiss Péter',28,26),
 ('B097',97,'2025-02-03 10:00:00','Nagy Anna',31,30),
 ('B098',98,'2025-02-03 11:00:00','Szabó László',34,34),
 ('B099',99,'2025-02-03 12:00:00','Tóth Eszter',37,38),
 ('B100',100,'2025-02-04 08:00:00','Horváth Gábor',40,42);
INSERT INTO "raklap" ("szam","mennyiseg","tipusID") VALUES (1001,35,1),
 (1002,12,3),
 (1003,68,2),
 (1004,41,4),
 (1005,19,2),
 (1006,77,1),
 (1007,58,3),
 (1008,25,4),
 (1009,48,1),
 (1010,33,2),
 (1011,57,3),
 (1012,14,4),
 (1013,66,1),
 (1014,29,2),
 (1015,53,3),
 (1016,44,4),
 (1017,21,1),
 (1018,62,2),
 (1019,39,3),
 (1020,27,4),
 (1021,56,1),
 (1022,18,2),
 (1023,72,3),
 (1024,31,4),
 (1025,63,1),
 (1026,24,2),
 (1027,47,3),
 (1028,59,4),
 (1029,11,1),
 (1030,78,2),
 (1031,22,3),
 (1032,36,4),
 (1033,80,1),
 (1034,43,2),
 (1035,55,3),
 (1036,16,4),
 (1037,70,1),
 (1038,32,2),
 (1039,46,3),
 (1040,26,4),
 (1041,52,1),
 (1042,34,2),
 (1043,61,3),
 (1044,20,4),
 (1045,73,1),
 (1046,17,2),
 (1047,45,3),
 (1048,79,4),
 (1049,30,1),
 (1050,60,2),
 (1051,13,3),
 (1052,50,4),
 (1053,69,1),
 (1054,28,2),
 (1055,57,3),
 (1056,23,4),
 (1057,64,1),
 (1058,38,2),
 (1059,71,3),
 (1060,15,4),
 (1061,76,1),
 (1062,40,2),
 (1063,54,3),
 (1064,10,4),
 (1065,67,1),
 (1066,37,2),
 (1067,49,3),
 (1068,22,4),
 (1069,74,1),
 (1070,42,2),
 (1071,58,3),
 (1072,19,4),
 (1073,65,1),
 (1074,30,2),
 (1075,52,3),
 (1076,21,4),
 (1077,75,1),
 (1078,33,2),
 (1079,46,3),
 (1080,18,4),
 (1081,62,1),
 (1082,39,2),
 (1083,55,3),
 (1084,13,4),
 (1085,79,1),
 (1086,27,2),
 (1087,48,3),
 (1088,17,4),
 (1089,70,1),
 (1090,23,2),
 (1091,59,3),
 (1092,14,4),
 (1093,77,1),
 (1094,35,2),
 (1095,51,3),
 (1096,20,4),
 (1097,73,1),
 (1098,31,2),
 (1099,60,3),
 (1100,16,4);
INSERT INTO "rakt_biz_fej" ("bizszam","datum","felelos","raktarID") VALUES (1,'2025-01-01 08:00','Kiss Péter',1),
 (2,'2025-01-01 09:00','Nagy Anna',2),
 (3,'2025-01-01 10:00','Szabó László',3),
 (4,'2025-01-01 11:00','Tóth Eszter',4),
 (5,'2025-01-01 12:00','Horváth Gábor',5),
 (6,'2025-01-02 08:00','Kiss Péter',6),
 (7,'2025-01-02 09:00','Nagy Anna',7),
 (8,'2025-01-02 10:00','Szabó László',8),
 (9,'2025-01-02 11:00','Tóth Eszter',9),
 (10,'2025-01-02 12:00','Horváth Gábor',10),
 (11,'2025-01-03 08:00','Kiss Péter',11),
 (12,'2025-01-03 09:00','Nagy Anna',12),
 (13,'2025-01-03 10:00','Szabó László',13),
 (14,'2025-01-03 11:00','Tóth Eszter',14),
 (15,'2025-01-03 12:00','Horváth Gábor',15),
 (16,'2025-01-04 08:00','Kiss Péter',16),
 (17,'2025-01-04 09:00','Nagy Anna',17),
 (18,'2025-01-04 10:00','Szabó László',18),
 (19,'2025-01-04 11:00','Tóth Eszter',19),
 (20,'2025-01-04 12:00','Horváth Gábor',20),
 (21,'2025-01-05 08:00','Kiss Péter',21),
 (22,'2025-01-05 09:00','Nagy Anna',22),
 (23,'2025-01-05 10:00','Szabó László',23),
 (24,'2025-01-05 11:00','Tóth Eszter',24),
 (25,'2025-01-05 12:00','Horváth Gábor',25),
 (26,'2025-01-06 08:00','Kiss Péter',26),
 (27,'2025-01-06 09:00','Nagy Anna',27),
 (28,'2025-01-06 10:00','Szabó László',28),
 (29,'2025-01-06 11:00','Tóth Eszter',29),
 (30,'2025-01-06 12:00','Horváth Gábor',30),
 (31,'2025-01-07 08:00','Kiss Péter',31),
 (32,'2025-01-07 09:00','Nagy Anna',32),
 (33,'2025-01-07 10:00','Szabó László',33),
 (34,'2025-01-07 11:00','Tóth Eszter',34),
 (35,'2025-01-07 12:00','Horváth Gábor',35),
 (36,'2025-01-08 08:00','Kiss Péter',36),
 (37,'2025-01-08 09:00','Nagy Anna',37),
 (38,'2025-01-08 10:00','Szabó László',38),
 (39,'2025-01-08 11:00','Tóth Eszter',39),
 (40,'2025-01-08 12:00','Horváth Gábor',40),
 (41,'2025-01-09 08:00','Kiss Péter',41),
 (42,'2025-01-09 09:00','Nagy Anna',42),
 (43,'2025-01-09 10:00','Szabó László',43),
 (44,'2025-01-09 11:00','Tóth Eszter',44),
 (45,'2025-01-09 12:00','Horváth Gábor',45),
 (46,'2025-01-10 08:00','Kiss Péter',46),
 (47,'2025-01-10 09:00','Nagy Anna',47),
 (48,'2025-01-10 10:00','Szabó László',48),
 (49,'2025-01-10 11:00','Tóth Eszter',49),
 (50,'2025-01-10 12:00','Horváth Gábor',50),
 (51,'2025-01-11 08:00','Kiss Péter',51),
 (52,'2025-01-11 09:00','Nagy Anna',52),
 (53,'2025-01-11 10:00','Szabó László',53),
 (54,'2025-01-11 11:00','Tóth Eszter',54),
 (55,'2025-01-11 12:00','Horváth Gábor',55),
 (56,'2025-01-12 08:00','Kiss Péter',56),
 (57,'2025-01-12 09:00','Nagy Anna',57),
 (58,'2025-01-12 10:00','Szabó László',58),
 (59,'2025-01-12 11:00','Tóth Eszter',59),
 (60,'2025-01-12 12:00','Horváth Gábor',60),
 (61,'2025-01-13 08:00','Kiss Péter',61),
 (62,'2025-01-13 09:00','Nagy Anna',62),
 (63,'2025-01-13 10:00','Szabó László',63),
 (64,'2025-01-13 11:00','Tóth Eszter',64),
 (65,'2025-01-13 12:00','Horváth Gábor',65),
 (66,'2025-01-14 08:00','Kiss Péter',66),
 (67,'2025-01-14 09:00','Nagy Anna',67),
 (68,'2025-01-14 10:00','Szabó László',68),
 (69,'2025-01-14 11:00','Tóth Eszter',69),
 (70,'2025-01-14 12:00','Horváth Gábor',70),
 (71,'2025-01-15 08:00','Kiss Péter',71),
 (72,'2025-01-15 09:00','Nagy Anna',72),
 (73,'2025-01-15 10:00','Szabó László',73),
 (74,'2025-01-15 11:00','Tóth Eszter',74),
 (75,'2025-01-15 12:00','Horváth Gábor',75),
 (76,'2025-01-16 08:00','Kiss Péter',76),
 (77,'2025-01-16 09:00','Nagy Anna',77),
 (78,'2025-01-16 10:00','Szabó László',78),
 (79,'2025-01-16 11:00','Tóth Eszter',79),
 (80,'2025-01-16 12:00','Horváth Gábor',80),
 (81,'2025-01-17 08:00','Kiss Péter',81),
 (82,'2025-01-17 09:00','Nagy Anna',82),
 (83,'2025-01-17 10:00','Szabó László',83),
 (84,'2025-01-17 11:00','Tóth Eszter',84),
 (85,'2025-01-17 12:00','Horváth Gábor',85),
 (86,'2025-01-18 08:00','Kiss Péter',86),
 (87,'2025-01-18 09:00','Nagy Anna',87),
 (88,'2025-01-18 10:00','Szabó László',88),
 (89,'2025-01-18 11:00','Tóth Eszter',89),
 (90,'2025-01-18 12:00','Horváth Gábor',90),
 (91,'2025-01-19 08:00','Kiss Péter',91),
 (92,'2025-01-19 09:00','Nagy Anna',92),
 (93,'2025-01-19 10:00','Szabó László',93),
 (94,'2025-01-19 11:00','Tóth Eszter',94),
 (95,'2025-01-19 12:00','Horváth Gábor',95),
 (96,'2025-01-20 08:00','Kiss Péter',96),
 (97,'2025-01-20 09:00','Nagy Anna',97),
 (98,'2025-01-20 10:00','Szabó László',98),
 (99,'2025-01-20 11:00','Tóth Eszter',99),
 (100,'2025-01-20 12:00','Horváth Gábor',100);
INSERT INTO "rakt_biz_tetel" ("bizszam","tetelid","cikkszam","mennyiseg","ar") VALUES (1,1,'B001',5,10250),
 (2,1,'B002',3,10500),
 (3,1,'B003',7,10750),
 (4,1,'B004',2,11000),
 (5,1,'B005',4,11250),
 (6,1,'B006',6,11500),
 (7,1,'B007',3,11750),
 (8,1,'B008',8,12000),
 (9,1,'B009',4,12250),
 (10,1,'B010',5,12500),
 (11,1,'B011',6,12750),
 (12,1,'B012',7,13000),
 (13,1,'B013',9,13250),
 (14,1,'B014',2,13500),
 (15,1,'B015',4,13750),
 (16,1,'B016',5,14000),
 (17,1,'B017',3,14250),
 (18,1,'B018',7,14500),
 (19,1,'B019',6,14750),
 (20,1,'B020',2,15000),
 (21,1,'B021',4,15250),
 (22,1,'B022',5,15500),
 (23,1,'B023',3,15750),
 (24,1,'B024',6,16000),
 (25,1,'B025',8,16250),
 (26,1,'B026',4,16500),
 (27,1,'B027',5,16750),
 (28,1,'B028',7,17000),
 (29,1,'B029',3,17250),
 (30,1,'B030',6,17500),
 (31,1,'B031',4,17750),
 (32,1,'B032',5,18000),
 (33,1,'B033',7,18250),
 (34,1,'B034',8,18500),
 (35,1,'B035',3,18750),
 (36,1,'B036',9,19000),
 (37,1,'B037',4,19250),
 (38,1,'B038',6,19500),
 (39,1,'B039',5,19750),
 (40,1,'B040',7,20000),
 (41,1,'B041',8,20250),
 (42,1,'B042',4,20500),
 (43,1,'B043',6,20750),
 (44,1,'B044',5,21000),
 (45,1,'B045',3,21250),
 (46,1,'B046',7,21500),
 (47,1,'B047',4,21750),
 (48,1,'B048',5,22000),
 (49,1,'B049',6,22250),
 (50,1,'B050',8,22500),
 (51,1,'B051',3,22750),
 (52,1,'B052',6,23000),
 (53,1,'B053',5,23250),
 (54,1,'B054',7,23500),
 (55,1,'B055',4,23750),
 (56,1,'B056',6,24000),
 (57,1,'B057',5,24250),
 (58,1,'B058',7,24500),
 (59,1,'B059',3,24750),
 (60,1,'B060',8,25000),
 (61,1,'B061',4,25250),
 (62,1,'B062',6,25500),
 (63,1,'B063',5,25750),
 (64,1,'B064',3,26000),
 (65,1,'B065',7,26250),
 (66,1,'B066',4,26500),
 (67,1,'B067',6,26750),
 (68,1,'B068',5,27000),
 (69,1,'B069',3,27250),
 (70,1,'B070',8,27500),
 (71,1,'B071',4,27750),
 (72,1,'B072',5,28000),
 (73,1,'B073',6,28250),
 (74,1,'B074',7,28500),
 (75,1,'B075',3,28750),
 (76,1,'B076',6,29000),
 (77,1,'B077',5,29250),
 (78,1,'B078',7,29500),
 (79,1,'B079',4,29750),
 (80,1,'B080',6,30000),
 (81,1,'B081',8,30250),
 (82,1,'B082',3,30500),
 (83,1,'B083',6,30750),
 (84,1,'B084',5,31000),
 (85,1,'B085',7,31250),
 (86,1,'B086',4,31500),
 (87,1,'B087',6,31750),
 (88,1,'B088',5,32000),
 (89,1,'B089',7,32250),
 (90,1,'B090',3,32500),
 (91,1,'B091',6,32750),
 (92,1,'B092',5,33000),
 (93,1,'B093',7,33250),
 (94,1,'B094',4,33500),
 (95,1,'B095',6,33750),
 (96,1,'B096',5,34000),
 (97,1,'B097',7,34250),
 (98,1,'B098',3,34500),
 (99,1,'B099',6,34750),
 (100,1,'B100',5,35000);
INSERT INTO "raktar" ("id","nev","pozicio") VALUES (1,'Raktár 1','Pozíció 1'),
 (2,'Raktár 2','Pozíció 2'),
 (3,'Raktár 3','Pozíció 3'),
 (4,'Raktár 4','Pozíció 4'),
 (5,'Raktár 5','Pozíció 5'),
 (6,'Raktár 6','Pozíció 6'),
 (7,'Raktár 7','Pozíció 7'),
 (8,'Raktár 8','Pozíció 8'),
 (9,'Raktár 9','Pozíció 9'),
 (10,'Raktár 10','Pozíció 10'),
 (11,'Raktár 11','Pozíció 11'),
 (12,'Raktár 12','Pozíció 12'),
 (13,'Raktár 13','Pozíció 13'),
 (14,'Raktár 14','Pozíció 14'),
 (15,'Raktár 15','Pozíció 15'),
 (16,'Raktár 16','Pozíció 16'),
 (17,'Raktár 17','Pozíció 17'),
 (18,'Raktár 18','Pozíció 18'),
 (19,'Raktár 19','Pozíció 19'),
 (20,'Raktár 20','Pozíció 20'),
 (21,'Raktár 21','Pozíció 21'),
 (22,'Raktár 22','Pozíció 22'),
 (23,'Raktár 23','Pozíció 23'),
 (24,'Raktár 24','Pozíció 24'),
 (25,'Raktár 25','Pozíció 25'),
 (26,'Raktár 26','Pozíció 26'),
 (27,'Raktár 27','Pozíció 27'),
 (28,'Raktár 28','Pozíció 28'),
 (29,'Raktár 29','Pozíció 29'),
 (30,'Raktár 30','Pozíció 30'),
 (31,'Raktár 31','Pozíció 31'),
 (32,'Raktár 32','Pozíció 32'),
 (33,'Raktár 33','Pozíció 33'),
 (34,'Raktár 34','Pozíció 34'),
 (35,'Raktár 35','Pozíció 35'),
 (36,'Raktár 36','Pozíció 36'),
 (37,'Raktár 37','Pozíció 37'),
 (38,'Raktár 38','Pozíció 38'),
 (39,'Raktár 39','Pozíció 39'),
 (40,'Raktár 40','Pozíció 40'),
 (41,'Raktár 41','Pozíció 41'),
 (42,'Raktár 42','Pozíció 42'),
 (43,'Raktár 43','Pozíció 43'),
 (44,'Raktár 44','Pozíció 44'),
 (45,'Raktár 45','Pozíció 45'),
 (46,'Raktár 46','Pozíció 46'),
 (47,'Raktár 47','Pozíció 47'),
 (48,'Raktár 48','Pozíció 48'),
 (49,'Raktár 49','Pozíció 49'),
 (50,'Raktár 50','Pozíció 50'),
 (51,'Raktár 51','Pozíció 51'),
 (52,'Raktár 52','Pozíció 52'),
 (53,'Raktár 53','Pozíció 53'),
 (54,'Raktár 54','Pozíció 54'),
 (55,'Raktár 55','Pozíció 55'),
 (56,'Raktár 56','Pozíció 56'),
 (57,'Raktár 57','Pozíció 57'),
 (58,'Raktár 58','Pozíció 58'),
 (59,'Raktár 59','Pozíció 59'),
 (60,'Raktár 60','Pozíció 60'),
 (61,'Raktár 61','Pozíció 61'),
 (62,'Raktár 62','Pozíció 62'),
 (63,'Raktár 63','Pozíció 63'),
 (64,'Raktár 64','Pozíció 64'),
 (65,'Raktár 65','Pozíció 65'),
 (66,'Raktár 66','Pozíció 66'),
 (67,'Raktár 67','Pozíció 67'),
 (68,'Raktár 68','Pozíció 68'),
 (69,'Raktár 69','Pozíció 69'),
 (70,'Raktár 70','Pozíció 70'),
 (71,'Raktár 71','Pozíció 71'),
 (72,'Raktár 72','Pozíció 72'),
 (73,'Raktár 73','Pozíció 73'),
 (74,'Raktár 74','Pozíció 74'),
 (75,'Raktár 75','Pozíció 75'),
 (76,'Raktár 76','Pozíció 76'),
 (77,'Raktár 77','Pozíció 77'),
 (78,'Raktár 78','Pozíció 78'),
 (79,'Raktár 79','Pozíció 79'),
 (80,'Raktár 80','Pozíció 80'),
 (81,'Raktár 81','Pozíció 81'),
 (82,'Raktár 82','Pozíció 82'),
 (83,'Raktár 83','Pozíció 83'),
 (84,'Raktár 84','Pozíció 84'),
 (85,'Raktár 85','Pozíció 85'),
 (86,'Raktár 86','Pozíció 86'),
 (87,'Raktár 87','Pozíció 87'),
 (88,'Raktár 88','Pozíció 88'),
 (89,'Raktár 89','Pozíció 89'),
 (90,'Raktár 90','Pozíció 90'),
 (91,'Raktár 91','Pozíció 91'),
 (92,'Raktár 92','Pozíció 92'),
 (93,'Raktár 93','Pozíció 93'),
 (94,'Raktár 94','Pozíció 94'),
 (95,'Raktár 95','Pozíció 95'),
 (96,'Raktár 96','Pozíció 96'),
 (97,'Raktár 97','Pozíció 97'),
 (98,'Raktár 98','Pozíció 98'),
 (99,'Raktár 99','Pozíció 99'),
 (100,'Raktár 100','Pozíció 100');
INSERT INTO "raktarak_raktari_poziciok" ("raktar_poz_ID","raktar_ID") VALUES (1,1),
 (2,2),
 (3,3),
 (4,4),
 (5,5),
 (6,6),
 (7,7),
 (8,8),
 (9,9),
 (10,10),
 (11,11),
 (12,12),
 (13,13),
 (14,14),
 (15,15),
 (16,16),
 (17,17),
 (18,18),
 (19,19),
 (20,20),
 (21,21),
 (22,22),
 (23,23),
 (24,24),
 (25,25),
 (26,26),
 (27,27),
 (28,28),
 (29,29),
 (30,30),
 (31,31),
 (32,32),
 (33,33),
 (34,34),
 (35,35),
 (36,36),
 (37,37),
 (38,38),
 (39,39),
 (40,40),
 (41,41),
 (42,42),
 (43,43),
 (44,44),
 (45,45),
 (46,46),
 (47,47),
 (48,48),
 (49,49),
 (50,50),
 (51,51),
 (52,52),
 (53,53),
 (54,54),
 (55,55),
 (56,56),
 (57,57),
 (58,58),
 (59,59),
 (60,60),
 (61,61),
 (62,62),
 (63,63),
 (64,64),
 (65,65),
 (66,66),
 (67,67),
 (68,68),
 (69,69),
 (70,70),
 (71,71),
 (72,72),
 (73,73),
 (74,74),
 (75,75),
 (76,76),
 (77,77),
 (78,78),
 (79,79),
 (80,80),
 (81,81),
 (82,82),
 (83,83),
 (84,84),
 (85,85),
 (86,86),
 (87,87),
 (88,88),
 (89,89),
 (90,90),
 (91,91),
 (92,92),
 (93,93),
 (94,94),
 (95,95),
 (96,96),
 (97,97),
 (98,98),
 (99,99),
 (100,100);
INSERT INTO "raktari_pozicio" ("id","sor","oszlop","polc") VALUES (1,1,1,1),
 (2,1,2,1),
 (3,1,3,1),
 (4,1,4,1),
 (5,1,5,1),
 (6,2,1,1),
 (7,2,2,1),
 (8,2,3,1),
 (9,2,4,1),
 (10,2,5,1),
 (11,3,1,1),
 (12,3,2,1),
 (13,3,3,1),
 (14,3,4,1),
 (15,3,5,1),
 (16,4,1,1),
 (17,4,2,1),
 (18,4,3,1),
 (19,4,4,1),
 (20,4,5,1),
 (21,5,1,2),
 (22,5,2,2),
 (23,5,3,2),
 (24,5,4,2),
 (25,5,5,2),
 (26,6,1,2),
 (27,6,2,2),
 (28,6,3,2),
 (29,6,4,2),
 (30,6,5,2),
 (31,7,1,2),
 (32,7,2,2),
 (33,7,3,2),
 (34,7,4,2),
 (35,7,5,2),
 (36,8,1,2),
 (37,8,2,2),
 (38,8,3,2),
 (39,8,4,2),
 (40,8,5,2),
 (41,9,1,3),
 (42,9,2,3),
 (43,9,3,3),
 (44,9,4,3),
 (45,9,5,3),
 (46,10,1,3),
 (47,10,2,3),
 (48,10,3,3),
 (49,10,4,3),
 (50,10,5,3),
 (51,11,1,3),
 (52,11,2,3),
 (53,11,3,3),
 (54,11,4,3),
 (55,11,5,3),
 (56,12,1,3),
 (57,12,2,3),
 (58,12,3,3),
 (59,12,4,3),
 (60,12,5,3),
 (61,13,1,4),
 (62,13,2,4),
 (63,13,3,4),
 (64,13,4,4),
 (65,13,5,4),
 (66,14,1,4),
 (67,14,2,4),
 (68,14,3,4),
 (69,14,4,4),
 (70,14,5,4),
 (71,15,1,4),
 (72,15,2,4),
 (73,15,3,4),
 (74,15,4,4),
 (75,15,5,4),
 (76,16,1,4),
 (77,16,2,4),
 (78,16,3,4),
 (79,16,4,4),
 (80,16,5,4),
 (81,17,1,5),
 (82,17,2,5),
 (83,17,3,5),
 (84,17,4,5),
 (85,17,5,5),
 (86,18,1,5),
 (87,18,2,5),
 (88,18,3,5),
 (89,18,4,5),
 (90,18,5,5),
 (91,19,1,5),
 (92,19,2,5),
 (93,19,3,5),
 (94,19,4,5),
 (95,19,5,5),
 (96,20,1,5),
 (97,20,2,5),
 (98,20,3,5),
 (99,20,4,5),
 (100,20,5,5);
INSERT INTO "raktarkeszlet" ("raktarID","cikkszam","mennyiseg") VALUES (1,'B001',34),
 (2,'B002',18),
 (3,'B003',55),
 (4,'B004',42),
 (5,'B005',27),
 (6,'B006',61),
 (7,'B007',13),
 (8,'B008',78),
 (9,'B009',46),
 (10,'B010',29),
 (11,'B011',57),
 (12,'B012',22),
 (13,'B013',83),
 (14,'B014',31),
 (15,'B015',64),
 (16,'B016',40),
 (17,'B017',17),
 (18,'B018',70),
 (19,'B019',36),
 (20,'B020',25),
 (21,'B021',74),
 (22,'B022',33),
 (23,'B023',59),
 (24,'B024',20),
 (25,'B025',91),
 (26,'B026',38),
 (27,'B027',50),
 (28,'B028',24),
 (29,'B029',68),
 (30,'B030',30),
 (31,'B031',16),
 (32,'B032',77),
 (33,'B033',35),
 (34,'B034',58),
 (35,'B035',19),
 (36,'B036',82),
 (37,'B037',41),
 (38,'B038',14),
 (39,'B039',63),
 (40,'B040',28),
 (41,'B041',88),
 (42,'B042',39),
 (43,'B043',52),
 (44,'B044',21),
 (45,'B045',73),
 (46,'B046',34),
 (47,'B047',26),
 (48,'B048',67),
 (49,'B049',18),
 (50,'B050',85),
 (51,'B051',32),
 (52,'B052',54),
 (53,'B053',15),
 (54,'B054',79),
 (55,'B055',37),
 (56,'B056',60),
 (57,'B057',23),
 (58,'B058',69),
 (59,'B059',33),
 (60,'B060',12),
 (61,'B061',90),
 (62,'B062',41),
 (63,'B063',53),
 (64,'B064',14),
 (65,'B065',76),
 (66,'B066',28),
 (67,'B067',31),
 (68,'B068',66),
 (69,'B069',16),
 (70,'B070',84),
 (71,'B071',29),
 (72,'B072',55),
 (73,'B073',17),
 (74,'B074',78),
 (75,'B075',36),
 (76,'B076',49),
 (77,'B077',13),
 (78,'B078',72),
 (79,'B079',34),
 (80,'B080',27),
 (81,'B081',89),
 (82,'B082',33),
 (83,'B083',57),
 (84,'B084',15),
 (85,'B085',81),
 (86,'B086',30),
 (87,'B087',52),
 (88,'B088',19),
 (89,'B089',65),
 (90,'B090',22),
 (91,'B091',11),
 (92,'B092',74),
 (93,'B093',28),
 (94,'B094',56),
 (95,'B095',24),
 (96,'B096',63),
 (97,'B097',17),
 (98,'B098',86),
 (99,'B099',31),
 (100,'B100',59);
INSERT INTO "tipus" ("id","nev","netto_suly","brutto_suly","x","y") VALUES (1,'EUR raklap',25.0,30.0,120,80),
 (2,'IPPC raklap',23.0,28.0,120,100),
 (3,'Műanyag raklap',18.0,22.0,110,90),
 (4,'Könnyített raklap',15.0,18.0,120,80);
COMMIT;
